scholarships,scholarship_url
Bursary 2024,https://damelinconnect.co.za/
University Bursaries,https://damelinconnect.co.za/category/university-bursaries/
Nursing Bursaries,https://damelinconnect.co.za/category/nursing-bursaries/
Accounting Bursaries,https://damelinconnect.co.za/category/accounting-bursaries/
Engineering Bursaries,https://damelinconnect.co.za/category/engineering-bursaries/
Bursary For Software Engineering Offered By We Think Code 2024,https://damelinconnect.co.za/software-engineering-bursary-in-south-africa/
Inscape Bursaries 2024,https://damelinconnect.co.za/inscape-bursaries-2/
NMISA Bursaries 2024,https://damelinconnect.co.za/nmisa-bursaries/
TISO Foundation Bursaries: Bursaries 2024,https://damelinconnect.co.za/tiso-foundation-bursaries-bursaries-for-the-disadvantages-youth/
AAUW Bursaries 2024,https://damelinconnect.co.za/aauw-bursaries/
Oxford Graduate Scholarships Bursaries 2024,https://damelinconnect.co.za/oxford-graduate-scholarships-bursaries-2/
Sun International Bursaries 2024,https://damelinconnect.co.za/sun-international-bursaries-2/
Sacema Bursaries 2024,https://damelinconnect.co.za/sacema-bursaries-2/
Netcare Bursaries Programme 2024,https://damelinconnect.co.za/netcare-bursaries-programme/
David Morrison Bursaries 2024,https://damelinconnect.co.za/david-morrison-bursaries/
BestMed Bursaries 2024,https://damelinconnect.co.za/bestmed-bursaries/
Young Leaders Bursaries 2024,https://damelinconnect.co.za/young-leaders-bursaries/
SA Military Bursaries Program 2024,https://damelinconnect.co.za/sa-military-bursaries-program/
MultiChoice Bursaries 2024,https://damelinconnect.co.za/multichoice-bursaries-2/
Mayoral Bursaries 2024,https://damelinconnect.co.za/mayoral-bursaries/
Kantey & Templer Bursaries 2024,https://damelinconnect.co.za/kantey-templer-bursaries-2/
HAW & INGLIS Civil Engineering Bursaries 2024,https://damelinconnect.co.za/haw-inglis-civil-engineering-bursaries-2/
Great North Transport Bursaries 2024,https://damelinconnect.co.za/great-north-transport-bursaries-2/
GIBB Bursaries 2024,https://damelinconnect.co.za/gibb-bursaries/
Denel Dynamics Bursaries 2024,https://damelinconnect.co.za/denel-dynamics-bursaries/
AfriSam Bursaries 2024,https://damelinconnect.co.za/afrisam-bursaries/
Department of Finance Bursaries 2024,https://damelinconnect.co.za/department-of-finance-bursaries/
KwaZulu Natal Bursaries 2024,https://damelinconnect.co.za/kwazulu-natal-bursaries/
Mercedes Bursaries 2024,https://damelinconnect.co.za/mercedes-bursaries-2/
Palabora Copper Bursaries 2024,https://damelinconnect.co.za/palabora-copper-bursaries-2/
SAMA Bursaries 2024,https://damelinconnect.co.za/sama-bursaries/
SANSA Bursaries 2024,https://damelinconnect.co.za/sansa-bursaries/
SAPS Bursaries (South African Police Services) 2024,https://damelinconnect.co.za/south-african-police-service-saps-learnership/
Sizwe Ntsaluba Gobodo Bursaries 2024,https://damelinconnect.co.za/sizwe-ntsaluba-gobodo-bursaries/
Zambia Scholarship Fund Bursaries 2024,https://damelinconnect.co.za/zambia-scholarship-fund-bursaries-2/
Petra Diamonds Bursaries 2024,https://damelinconnect.co.za/petra-diamonds-bursaries/
Department of Transport Bursaries 2024,https://damelinconnect.co.za/department-of-transport-bursaries-2/
The National Skills Fund Bursaries 2024,https://damelinconnect.co.za/the-national-skills-fund-bursaries-2/
Department of Social Development Bursaries 2024,https://damelinconnect.co.za/department-of-social-development-bursaries-2/
National Youth Development Agency Bursaries 2024,https://damelinconnect.co.za/national-youth-development-agency-bursaries/
SAB Bursaries 2024,https://damelinconnect.co.za/sab-bursaries/
WBHO Bursaries 2024,https://damelinconnect.co.za/wbho-bursaries/
Department of Higher Education Bursaries 2024,https://damelinconnect.co.za/department-of-higher-education-bursaries/
SAPPI Bursaries 2024,https://damelinconnect.co.za/sappi-bursaries-2/
Stefanutti Stocks Bursaries 2024,https://damelinconnect.co.za/stefanutti-stocks-bursaries-2/
Unilever Bursaries 2024,https://damelinconnect.co.za/unilever-bursaries/
SARS Bursaries 2024,https://damelinconnect.co.za/sars-bursaries/
Water Affairs Bursaries 2024,https://damelinconnect.co.za/water-affairs-bursaries-2/
Department of Education Bursaries 2024,https://damelinconnect.co.za/department-of-education-bursaries-2/
BMW Bursaries 2024,https://damelinconnect.co.za/bmw-bursaries-2/
NSFAS Bursaries 2024,https://damelinconnect.co.za/nsfas-bursaries-2/
Department of Public Works Bursaries 2024,https://damelinconnect.co.za/department-of-public-works-bursaries/
Lonmin Bursaries 2024,https://damelinconnect.co.za/lonmin-bursaries-2/
Shoprite Bursaries 2024,https://damelinconnect.co.za/shoprite-bursaries/
MTN Bursaries 2024,https://damelinconnect.co.za/mtn-bursaries-2/
Kumba Iron Bursaries 2024,https://damelinconnect.co.za/kumba-iron-bursaries-2/
Ekurhuleni Bursaries 2024,https://damelinconnect.co.za/ekurhuleni-bursaries-2/
Coca Cola Bursaries 2024,https://damelinconnect.co.za/coca-cola-bursaries-2/
Study Trust Bursaries 2024,https://damelinconnect.co.za/study-trust-bursaries/
Anglo Coal Bursaries 2024,https://damelinconnect.co.za/anglo-coal-bursaries/
Vodacom Bursaries 2024,https://damelinconnect.co.za/vodacom-bursaries-2/
Glencore (XSTRATA) Bursaries 2024,https://damelinconnect.co.za/glencore-xstrata-bursaries-2/
Volkswagen Bursaries 2024,https://damelinconnect.co.za/volkswagen-bursaries-2/
Telkom Bursaries 2024,https://damelinconnect.co.za/telkom-bursaries-2/
Siemens Bursaries 2024,https://damelinconnect.co.za/siemens-bursaries-2/
KPMG Bursaries 2024,https://damelinconnect.co.za/kpmg-bursaries-2/
Nedbank Bursaries Program 2024,https://damelinconnect.co.za/nedbank-bursaries-program/
Harmony Gold Bursaries 2024,https://damelinconnect.co.za/harmony-gold-bursaries-2/
Fidelity Fund Bursaries Program 2024,https://damelinconnect.co.za/fidelity-fund-bursaries-program-2/
British American Tobacco Bursaries 2024,https://damelinconnect.co.za/british-american-tobacco-bursaries/
Construction Education and Training Authority CETA Bursaries 2024,https://damelinconnect.co.za/construction-education-and-training-authority-ceta-bursaries/
Fullbright Scholarship & Bursary Program 2024,https://damelinconnect.co.za/fullbright-scholarship-bursary-program/
Aurecon Bursaries Program 2024,https://damelinconnect.co.za/aurecon-bursaries-program/
Gold Fields Bursaries 2024,https://damelinconnect.co.za/gold-fields-bursaries-2/
Murray & Roberts Bursaries 2024,https://damelinconnect.co.za/murray-roberts-bursaries-2/
The Rhodes Trust Scholarship / Bursaries 2024,https://damelinconnect.co.za/the-rhodes-trust-scholarship-bursaries/
HESA Commonwealth Scholarship/ Bursaries 2024,https://damelinconnect.co.za/hesa-commonwealth-scholarship-bursaries-2/
"Department of Agriculture, Forestry & Fisheries Bursaries 2024",https://damelinconnect.co.za/department-of-agriculture-forestry-fisheries-bursaries-2/
BBD Bursaries 2024,https://damelinconnect.co.za/bbd-bursaries-2/
First National Bank Bursaries 2024,https://damelinconnect.co.za/first-national-bank-bursaries-2/
Bursaries 2024,https://damelinconnect.co.za/bursaries-for-engineering/
Ernest & Young Bursaries 2024,https://damelinconnect.co.za/ernest-young-bursaries-2/
SAIRR Bursaries 2024,https://damelinconnect.co.za/sairr-bursaries-2/
ISASA Bursaries 2024,https://damelinconnect.co.za/isasa-bursaries-2/
Department of Health Bursaries 2024,https://damelinconnect.co.za/department-of-health-bursaries-2/
National Treasury Bursaries 2024,https://damelinconnect.co.za/national-treasury-bursaries-2/
ABSA Bursaries 2024,https://damelinconnect.co.za/absa-bursaries-2/
Department of Correctional Services Bursaries 2024,https://damelinconnect.co.za/department-of-correctional-services-bursaries-2/
Stanlib Bursaries 2024,https://damelinconnect.co.za/stanlib-bursaries-2/
Old Mutual Bursaries 2024,https://damelinconnect.co.za/old-mutual-bursaries-2/
CSIR Bursaries 2024,https://damelinconnect.co.za/csir-bursaries-2/
Investec Bursary 2024,https://damelinconnect.co.za/investec-bursary-2/
Thuthuka Bursary Fund 2024,https://damelinconnect.co.za/thuthuka-bursary-fund-2/
Funza Lushaka Bursary 2024,https://damelinconnect.co.za/funza-lushaka-bursary/
NSFAS Bursary 2024,https://damelinconnect.co.za/nsfas-bursary-2/
Sasol Bursaries 2024,https://damelinconnect.co.za/sasol-bursaries-south-africa/
SPOORNET (Transnet Freight Rail) Bursaries 2024,https://damelinconnect.co.za/spoornet-transnet-freight-rail-bursaries-2/
HCI Foundation Bursaries 2024,https://damelinconnect.co.za/hci-foundation-bursaries-3/
MINTEK Bursaries 2024,https://damelinconnect.co.za/mintek-bursaries-2/
PWC (Price Waterhouse Coopers) Bursaries 2024,https://damelinconnect.co.za/pwc-price-waterhouse-coopers-bursaries-2/
Merseta Bursary: How to Apply for 2024,https://damelinconnect.co.za/merseta-bursary/
Bhp Billiton Bursaries 2024,https://damelinconnect.co.za/bhp-billiton-bursaries-2/
SAICA Bursaries 2024,https://damelinconnect.co.za/saica-bursaries/
De Beers Bursaries 2024,https://damelinconnect.co.za/de-beers-bursaries-2/
Anglo Platinum Ltd Bursaries 2024,https://damelinconnect.co.za/anglo-platinum-ltd-bursaries-2/
Exxaro Bursaries 2024,https://damelinconnect.co.za/exxaro-bursaries-2/
Eskom Bursaries 2024,https://damelinconnect.co.za/eskom-bursaries/
